highAlpha,lowAlpha,highBeta,lowBeta,midGamma,lowGamma,theta,delta,meditationValue
0,0,2,0,1,3,1,3,0
0,0,0,1,1,1,2,41,0
56251,59278,14990,25254,9438,12545,220380,531638,0
5491,3091,1772,2545,1054,1641,9504,62836,0
2824,15085,7536,3004,5151,3987,115199,113988,0
11554,9467,5462,9379,9507,3804,6469,5907,0
2760,1613,5702,5703,3919,2000,5674,503,38
11630,11191,10354,6617,5039,4868,86473,192114,35
4401,8149,5647,3960,1433,2736,6272,13068,47
29693,18648,15098,5483,3491,15281,87007,85691,50
13157,2518,3240,13498,3595,6177,14595,11838,57
10295,541,11889,48649,5166,4830,19702,4290,53
10415,11674,6022,9069,6069,5176,15631,8738,50
24048,10605,6684,8575,5046,5171,10005,25063,63
14149,8327,5307,2751,5439,6118,74609,44876,56
22240,10972,8728,3651,5882,8962,18113,23980,80
21970,8348,6641,2655,7416,9307,12147,15675,88
13684,13244,4174,5417,3707,2721,19950,24987,83
17805,16636,3995,5991,1854,5917,12423,37715,100
12988,13691,4686,3896,6805,3310,27821,8385,100
12972,4303,3314,2122,2409,2140,40160,35100,84
13237,20345,6562,8730,4340,7107,15169,10226,88
17723,20313,12858,13294,4605,6310,24448,75575,80
14397,9742,4916,4875,2697,2493,33516,9844,77
17884,21705,8217,3734,2835,6130,21116,8633,87
13786,15156,8528,14044,5476,6677,9080,36545,84
14597,12029,9977,10113,4324,5473,14041,33301,84
13375,10636,11383,8383,3029,7755,43734,5074,80
18939,4106,5583,6236,7039,3515,37940,242331,69
12426,5839,9336,5119,3339,4277,4566,4398,69
6147,7375,6434,5429,4474,3662,37076,37593,60
17418,11348,4503,5138,3019,5741,10848,48290,75
21016,8781,4190,2706,4420,3911,7361,5283,91
12398,20709,6576,3013,4755,2631,7802,14525,100
3160,25496,2943,6340,2871,6973,24243,17960,100
3541,11470,9527,4114,1214,8681,8293,10113,100
29541,16492,6939,5918,1736,3439,26197,29195,96
2500,9399,6547,2996,6155,3535,35441,26174,75
5856,8655,4467,6736,3669,9205,16941,15873,70
7611,8347,6047,9346,1651,4502,17018,16320,67
8560,26626,3606,1778,4933,6213,26886,15698,66
27703,32367,4580,6356,2014,1845,40003,10668,83
12527,733,6352,4044,1728,2213,37911,31017,75
6724,9759,4178,5151,2165,3124,7641,8330,83
5899,9894,4208,3530,4560,5617,7237,18745,83
11737,10615,4121,9379,2296,1964,11821,9268,78
15899,15218,2579,9169,2516,1435,47906,6830,87
19639,25607,6259,2622,1385,3285,72207,93072,80
9818,13854,4213,4798,2967,2706,18083,10741,78
9495,80942,4484,21283,3619,2859,30997,11372,84
13268,20046,4456,1910,1143,1174,30415,3964,91
10490,27020,6994,7014,1177,4082,22426,5388,97
35140,28485,6012,11179,2123,1561,27940,36630,100
30712,37978,3413,2596,1071,2461,3996,36055,100
13268,8030,9017,4004,5169,3981,20856,13327,96
26007,21912,8850,29250,1120,3187,19413,32688,87
6469,9250,10218,22636,2475,3263,13558,25121,67
13157,4007,9120,5222,2130,6733,23170,9205,44
22938,5375,4742,3681,3950,2010,22595,27702,47
13870,2986,3292,8515,1999,2700,6294,2754,50
7854,3107,6982,6187,2193,6276,84308,68585,40
25571,7536,3301,6593,1924,2300,26202,28400,47
15860,9701,5047,4693,1313,2963,55112,11813,40
9339,27417,4595,10719,3360,3059,10116,16975,43
14732,4071,4082,6933,3611,3417,9864,23584,60
30740,9658,6026,4695,3915,5781,16768,30302,63
36180,9054,9079,6710,3541,3124,9674,29882,77
85377,6169,7653,2947,3213,3795,15975,66888,84
79708,6858,3717,18773,2821,2600,26414,25315,91
11838,25037,2969,7064,992,1752,92891,80235,80
13751,14679,4466,4144,3408,4974,73461,178272,64
37723,284,3366,11694,4384,2658,20661,62383,54
11754,166,3910,8574,3767,12947,31772,88698,38
16774,6882,4000,12398,4702,4270,30269,70297,40
10885,3591,5865,2905,2721,5496,94839,48147,34
15143,4600,4762,7654,2777,1878,18327,2563,27
34438,6786,4074,4430,3001,1165,29568,35010,40
15069,10652,4397,4888,3946,2183,18562,34690,44
41432,15748,2110,2415,3948,2540,12688,26049,70
7335,6472,3496,3322,2999,3252,19124,54059,69
21309,7284,3756,8690,3519,5456,16999,12146,67
8610,5046,3718,8566,3586,3361,20690,21456,61
16336,3026,3106,12761,2599,3942,19482,41930,47
8085,5402,7343,2668,1529,2476,23659,7265,44
3504,8504,4038,2751,2577,3544,14124,36065,40
15039,33249,6768,9031,2359,6037,41556,76379,47
24444,17232,6844,7076,5841,2904,16517,8145,53
17715,8928,6324,5180,1649,4239,22355,65723,60
27715,1368,9544,4013,5191,6446,11790,16203,66
6465,7905,4024,10829,6433,4490,19772,28317,61
23225,6045,4132,8819,2100,5634,12477,30922,60
39228,16160,5948,8997,3141,1742,17296,47815,66
18919,12308,9084,7569,2142,3374,5232,12274,67
14389,7300,3425,3331,1784,4358,11408,13010,77
57394,4735,3769,11726,2043,4771,10259,34141,83
22278,7310,5647,5389,2591,5689,57459,58479,70
48975,12029,1266,8775,3793,9151,24289,23141,74
13616,13495,6672,6947,3801,854,29572,58126,67
5645,14973,6429,4598,6901,8207,18988,29373,56
40487,6919,3459,6783,5923,4465,81657,134174,57
33137,27208,6910,6915,2966,7329,35130,17134,54
16679,7125,4960,6209,14578,13570,25798,37199,53
63371,9997,5907,1519,3748,9304,53076,73203,56
58256,15580,5822,12273,6824,14316,23863,20516,67
28521,18010,6801,14461,9479,3838,25070,40253,66
35617,28110,5228,10613,7676,3603,7419,34130,80
7482,18753,4540,8508,2864,3664,13894,29426,78
47046,11432,4403,11303,2681,4414,24652,44456,77
45763,23021,3808,3721,1668,5285,20263,34026,84
14835,11297,6437,11487,5082,2386,13413,7653,74
39162,29243,3462,10588,3198,3818,52301,114679,74
9388,103550,7049,6835,885,2479,15753,9642,81
12421,11727,5161,25894,2198,3205,24567,70785,64
89469,18423,3799,7000,1829,2875,29287,10758,77
25912,7580,8959,6805,3569,6963,28529,10538,75
44824,21425,4972,10806,2113,3167,41693,31821,64
21208,10889,5505,20138,3431,1691,37681,17463,66
24019,16275,6160,5474,1953,4840,28743,5450,57
20402,7954,5973,19700,4447,7070,33562,42422,51
55666,12347,6092,4070,3160,3986,69011,29085,50
46398,33767,7640,9875,2078,3524,62205,108104,56
26798,12749,8892,16417,2521,4170,64480,139826,50
33545,7836,2234,7445,6030,3104,12720,6297,63
53499,5246,5056,4249,3278,2528,8548,36442,75
14354,9291,3000,5739,3235,6031,20164,66719,70
33192,53445,8700,2392,2911,2053,50524,16870,81
47151,6113,8949,10994,6573,3399,50228,13162,70
5622,43966,4068,15542,2061,6103,23957,32452,63
17345,33079,4406,8286,2052,3085,75359,47784,60
20306,25876,5353,5200,4910,2469,28779,64780,60
39906,30563,6763,4820,4579,3385,22329,62156,67
6884,2178,4467,3757,5470,1983,25325,49891,54
9592,6446,4992,7472,2427,1921,33712,20101,50
9955,1004,4326,10375,4082,3878,4646,17141,43
1110,7456,5228,10256,3495,9217,4277,18556,29
39575,12489,5971,5035,8499,4209,36222,28403,43
4092,6904,6423,5381,5035,3516,10616,25659,47
49033,7286,14988,5554,2515,6597,7464,4164,57
8945,5667,3965,7702,2034,5799,13415,11431,60
14242,8018,4306,16599,3818,3643,17542,5668,54
9705,11100,3578,5406,2991,5165,17920,6119,57
9620,4960,4107,4862,4132,4327,14133,16781,48
13642,6306,5751,4466,5311,6958,10260,6393,53
3437,241,5845,10528,1484,1280,12888,82798,40
8779,5290,3467,3703,1659,3235,5102,8700,43
8037,5120,8131,6404,4123,2698,25538,27387,37
18349,5320,5090,2554,3612,3876,7536,58810,40
11521,5454,3689,5251,3372,3096,19057,25166,54
26696,23710,5239,13052,2057,3802,15524,40935,56
21384,28470,2017,2093,2869,1671,56705,177850,64
10674,8475,8080,31857,2494,4191,11025,17558,53
38176,18955,4216,9237,2377,2833,82331,39163,51
11466,26045,10477,9307,12916,15556,14645,490472,50
23946,7536,14668,17625,3322,3930,16085,48445,48
17785,12211,7405,8306,5559,14757,41435,114531,51
19953,67229,8289,12667,10564,10208,308628,726910,43
2727,58835,14058,6035,8262,33896,363455,87054,27
9531,44014,19866,13095,12427,27099,167123,1143964,20
21240,49669,17594,12637,9891,8352,178052,736466,14
3596,8280,4762,6714,2700,6197,33192,1200785,16
29628,11746,9347,5344,8549,6317,300958,1479878,13
13957,13682,5355,17045,4895,11185,263719,402480,4
61217,22754,15617,14865,12774,16891,296652,426308,1
5934,5568,7514,12929,2043,7639,226286,351206,1
16228,558,4412,11103,3011,3411,31138,30381,1
15103,5600,6843,10666,2508,5742,31665,123415,14
13242,11322,5427,5761,3950,5169,23284,54555,24
24669,18938,5379,7329,8908,5867,11439,9692,54
39683,15071,3747,2203,6140,2635,34958,4559,64
110375,38207,6365,9778,1421,7771,32732,29562,83
17285,22611,7257,16141,2667,7339,19231,6202,87
33893,54059,4674,4958,2076,1591,32487,4106,87
13487,6750,1151,5947,438,1179,50474,64542,75
16513,46844,6801,10587,5207,8029,25393,12785,67
2849,1750,2007,2079,1469,1946,31985,80797,51
43003,50161,10443,21904,3221,8044,19813,38589,50
110650,5988,12982,4419,4456,2849,34425,95215,66
10812,26417,4464,5716,5324,3862,13241,19776,67
20289,14807,4596,4253,2490,8106,20937,43190,87
30453,14917,4572,3343,3725,4870,26411,51762,83
35892,15195,5163,8379,3089,7239,20137,18973,80
53319,58920,5268,10412,2237,3502,42991,50004,80
84598,7926,7741,2890,2979,8329,20560,61210,87
81233,3800,3884,9088,1782,2820,8600,89641,96
12298,35759,7217,6143,3447,5411,27957,57716,94
10303,9480,3990,13692,3279,3189,54231,136413,78
27110,69002,3992,4133,3298,3993,13967,33725,81
22021,7156,3811,4984,5720,6475,13835,31025,74
3546,28671,5286,14541,5134,6418,21416,20390,69
46692,8152,4087,4742,7965,5882,10291,18652,90
35209,28026,6344,4344,8587,13677,37593,5799,80
14383,45046,7875,2348,16256,4878,18399,13531,83
20179,23638,11965,8014,2512,5081,5712,10027,90
16286,4234,5965,6322,1241,3094,17789,7010,80
9827,5321,8020,14187,3956,4126,12954,36305,69
11222,10231,5066,3940,2214,4376,28379,54390,57
3653,34358,6535,18821,6423,4866,15502,7186,53
44420,2933,11324,5692,2265,5176,41667,8185,54
21240,29968,6506,6138,2009,5089,14264,9866,66
73867,23580,6474,6784,4439,4060,28545,45509,78
8264,8304,4591,22722,3193,5753,30761,14419,67
8163,2946,4166,11558,2578,6612,62225,18656,53
7654,13482,5420,9660,3988,4992,32790,40535,41
11266,33267,7725,5041,5267,4298,20692,58476,37
27621,28115,6570,2014,1787,3520,23717,38576,51
11192,13918,21983,6439,3688,5694,13373,16338,63
10307,4098,3429,6426,3026,3655,7383,9088,67
12445,14815,9275,16196,5167,4485,11668,13854,64
9928,14517,11264,17292,3311,4493,21337,24049,53
14970,13975,10492,17891,1978,3691,21827,18153,53
14540,17493,5704,9183,5463,1764,20140,11098,54
17050,4022,8087,10534,3748,4135,11775,44845,54
28715,17812,3785,1052,5031,2358,8033,26695,70
18732,2864,6171,5448,2306,2028,5723,55709,77
8930,5246,7450,5557,4921,2159,39845,14120,66
10991,920,4091,7053,2467,3398,61265,32799,54
28214,2149,4517,3034,4605,6272,44592,47829,40
16761,678,6245,11220,1255,3825,19566,43809,30
51506,17679,3567,2947,1908,6655,11861,6209,53
2616,19711,4006,6026,5550,5405,32800,33262,63
25815,3218,5533,10339,4333,2689,13921,22629,67
17320,4007,5783,6936,6930,5513,25951,54118,69
11519,6364,3143,4000,1654,1478,7582,25627,60
8422,14859,6753,5055,1689,4966,2808,2654,67
55456,23126,11073,6205,4833,7356,15725,20316,75
21431,6067,8085,5028,2435,9951,19263,33660,78
35292,12871,3146,7621,2063,3584,14735,6224,81
9753,17726,8622,3249,1997,6185,31417,6836,75
12114,3971,2191,7374,3513,4735,36270,27105,60
21141,2272,5945,2320,2212,4524,69549,85669,51
8061,4350,7855,3716,1451,2295,29734,9886,37
9962,14318,8017,2589,1794,4887,5176,11702,41
12816,2252,3231,7037,2266,2485,15655,7228,47
76792,12709,5112,892,4557,4120,2313,3126,74
50983,11866,4247,2592,1931,1393,11925,8800,90
6555,6239,4838,1950,2435,2429,8628,7161,84
12281,17979,5914,7818,1994,2770,14908,7472,88
11259,11061,9535,5856,2676,5033,16832,23497,66
8843,10652,17949,4549,3029,2719,17671,32912,51
33571,13963,6911,13120,1625,4740,11106,9995,56
26355,15987,4284,12563,1663,4892,21806,17988,56
58558,13364,3614,9777,3095,4243,32322,3397,63
13971,8791,4215,4109,2563,8302,18150,9351,67
32305,8597,8304,12637,6241,5870,10775,33671,66
5306,13681,1916,9550,1891,3862,11455,20891,64
44861,91791,4168,8331,1915,2694,8504,61916,77
60973,12832,5813,9847,1907,3026,44242,116560,78
7856,17736,5418,9750,5096,7707,11202,49062,77
13290,4332,7070,6702,2807,13811,24505,15739,74
7786,4746,17015,11422,3895,4666,18402,37539,48
9230,4568,18370,4386,7617,9547,51792,20669,30
11756,15468,6247,3462,1821,2154,18983,53914,30
16436,3278,2512,8101,4730,2662,22304,20940,34
14514,7167,9168,7856,4293,6043,116775,48434,27
5597,7386,10028,12950,4272,21521,19578,12856,30
1007,18625,6302,8224,3277,5164,11870,3352,30
9222,1829,6113,2596,3251,2892,20842,5732,27
14741,5581,7382,6595,1668,2906,11811,10615,40
13058,29132,2326,5191,1742,3706,10655,15112,56
9056,8899,3405,3260,2199,4504,49411,56037,50
24203,7409,5652,13858,2365,2986,3867,9125,61
11592,10108,6062,2516,4203,2987,20783,24350,60
2418,1318,4631,5909,2658,3728,12622,28131,40
581,5806,1498,440,345,992,24914,58446,37
8585,6821,4258,5949,3277,4010,5815,33904,34
448,338,2313,779,576,1924,7229,57608,16
2762,6729,8208,3513,1604,3004,20968,8891,21
15248,3640,1906,5207,3699,1200,21295,26551,29
3334,1335,2250,2106,2197,1410,3495,4692,24
4572,14409,3851,3118,1888,4195,5723,4793,50
13299,5668,10337,2831,6298,2130,60018,21282,48
2937,13081,2793,3344,1705,2172,7193,10049,53
2162,5873,6476,6181,1431,3604,23088,8255,44
3484,5220,954,450,424,355,28158,81316,30
293,8222,1766,1985,702,947,25171,74004,34
11585,5302,4641,3844,1962,1890,48010,9942,23
3308,26171,2847,3856,2035,2713,272448,266341,16
8717,6519,7602,11327,2870,2041,7012,10319,23
4345,4549,2950,10795,868,1711,24165,17498,20
4540,1301,875,2188,402,762,22723,77603,17
4070,66,1305,589,1003,1215,16302,104554,24
4103,1929,9646,3068,2093,3829,3223,7438,20
26594,437,4732,8220,1108,4887,6713,9894,35
43997,3828,4717,3016,3542,2971,13088,19488,51
9898,3117,3056,3966,2325,5139,7171,4229,61
3052,10905,6346,2518,1620,1328,2197,3836,70
24138,5081,3123,5160,4405,5647,4109,5140,77
9731,17563,7246,7937,3108,3672,21636,2495,67
4341,2256,3530,1935,838,3698,4102,6467,64
6723,2438,3759,5597,2081,3731,6864,11940,57
10852,1510,6937,4055,1765,3790,22978,40520,43
6634,10271,2872,4373,2175,1087,15151,7805,44
1904,14277,4692,5154,1409,2025,10933,13648,44
4250,5472,2100,1543,2269,1330,27687,6405,41
5995,4082,2154,4772,1768,3680,46201,36339,37
2960,2496,1151,3095,648,846,20270,80044,26
1513,2624,2841,1419,864,625,3641,77498,23
2402,6955,9081,5624,3920,2317,7564,6463,26
2921,9198,5726,3566,984,5633,19899,3747,30
3656,4946,6055,1230,1773,2099,8870,12180,38
8134,1742,8608,1831,3823,4954,10441,2882,38
4085,5720,6750,2135,1326,2341,12854,2105,38
4218,7583,5263,2768,2822,3059,7564,12628,41
2827,4640,6659,1518,1088,2268,11362,3466,40
6573,7438,7199,998,3768,2842,8606,11342,43
4475,1139,7883,7155,1434,3110,7963,4666,38
11246,7237,5172,2256,4221,4981,10547,5956,41
814,2320,607,1297,421,894,34039,106962,29
3905,11110,6491,14690,1026,4039,17817,9476,24
5899,3558,2941,3116,3017,5717,9668,3335,30
357,1966,583,4131,849,1221,29408,72868,11
12644,5818,7748,3965,2783,3956,15178,5705,26
1879,6345,5067,7582,1252,2216,42518,31224,20
8316,4578,1748,6457,2468,3344,3091,7358,24
9294,2493,4280,6150,709,2414,7236,19653,43
7345,711,7934,4913,3023,2794,13608,10062,37
4676,7742,8052,4991,2413,1792,10439,7326,47
5059,7684,4501,5934,2432,1796,2309,9060,44
14408,7275,4872,5594,3024,1520,10582,8254,48
11789,4908,3558,3721,3748,3401,7050,2363,60
10155,15392,5038,2947,2475,1335,7844,8012,67
1494,1194,2512,2730,968,1113,12525,70655,53
37870,4226,6574,21625,2995,7181,10884,14838,53
5676,8782,12097,31128,12901,6850,39832,170482,38
1649,3666,3507,1979,2317,4006,5624,106270,27
9106,10452,5623,5462,6954,3579,34143,11146,37
2402,719,2882,1949,1915,961,15866,65423,21
12580,51266,6546,7046,4371,18464,26415,24008,38
1713,584,2901,2392,7435,691,12497,66156,27
16724,7655,6767,4953,14713,19004,12403,21570,35
7170,8679,4887,9697,6049,5076,9188,4250,47
21569,32241,5919,11148,11891,6464,14708,479337,47
11324,8922,8884,7157,7704,5210,5324,26588,63
11792,10407,5559,4543,8994,7230,42828,102542,54
1078,8780,2663,3242,1194,1511,18280,36041,51
14815,4904,8337,7564,1595,5212,22369,9704,41
17130,912,7828,3180,2162,3178,5934,5179,43
19458,28310,6079,8617,13519,5435,11972,17839,53
4566,6068,15142,7516,7625,8136,12512,25369,51
11807,9739,5074,6269,9810,8276,8546,11628,56
24357,31392,7497,13823,6067,4896,20283,8956,57
7970,2578,7387,2686,7868,14806,24214,4757,44
7274,4445,10401,5697,12235,4039,10190,7956,48
10515,2959,5461,1884,17847,15869,15322,4563,44
16526,8751,9815,9208,15164,13202,18616,15229,40
10523,1318,8452,9783,5995,7616,10131,8124,41
8402,19142,4503,6076,11368,13295,6758,3335,51
10091,10746,9756,7277,14391,11577,29217,12878,50
19022,38083,9170,19795,10727,17820,95588,238813,44
35330,32373,21954,69785,15117,39308,306650,233260,38
4037,2754,4341,7506,2612,1882,40971,754920,20
22026,27842,15411,8850,4365,7301,83518,213214,20
4554,16355,10608,25003,4148,4751,43413,14911,16
5626,22178,4521,15121,3714,2074,38783,48996,23
8862,18242,14069,12919,6293,13677,901132,1522517,14
2582,2367,2124,1834,5151,713,5906,63296,17
7058,11628,12090,5120,12555,6708,6501,6044,29
6066,9316,2325,1583,1836,2882,17159,102819,35
15060,61760,25785,19419,12687,14273,187943,1090701,53
14303,5291,6467,3928,10087,8740,22701,157480,53
3811,2439,4043,12654,3774,4258,7916,2712,43
5750,9428,7221,2492,6496,5351,27388,24452,38
1953,2986,1470,1412,2051,1388,20192,58323,35
2240,4200,819,2053,737,1039,32374,69146,26
1257,596,1787,1229,1077,1094,25061,79378,17
3854,632,8407,8293,2634,6062,15762,13480,10
5189,2557,6922,6278,2853,2129,2953,5016,16
24177,3656,4223,6390,2983,6587,22304,17977,27
6336,8387,3581,6995,4768,6947,5598,3186,47
7633,12257,15742,6764,3832,6131,20024,4038,54
8320,14156,10353,3709,6998,7781,29036,22374,54
9699,3227,19293,4761,12564,16491,3826,4547,51
4719,4365,8652,1410,13166,12561,15338,12956,44
1610,13552,5153,6195,7787,9196,9026,4591,48
9308,7286,7783,4319,17165,12929,22446,167798,48
1758,533,1616,2151,2043,1729,3195,290657,47
6621,1129,7108,5400,11155,7984,7000,4824,47
23177,12899,5854,11202,7214,12057,110511,128916,40
3160,14426,12329,5204,10638,23753,30206,16172,38
2099,12431,8298,4319,10035,10431,14006,4872,41
2475,5091,8787,3988,9477,13317,8428,3886,41
5059,16074,11901,4135,16650,13959,47022,60811,41
4382,2916,3304,4408,3375,4198,10299,48491,43
11571,12710,8945,7180,21681,7843,14624,12734,43
4089,5263,1483,2589,5813,1237,12975,147057,47
63094,215937,40217,114950,94144,18956,1167663,1962804,43
21958,306154,31275,11999,21997,12562,138562,2343989,54
95730,10702,27209,53792,9793,24847,105312,73228,53
1534,4268,8034,1674,4719,5040,10992,9165,48
6217,4199,5732,5362,2799,5160,5429,15341,54
8845,4369,4282,8064,3835,4999,29242,12528,41
919,1286,1201,699,1569,826,10721,65696,34
1508,4707,1180,1495,917,1308,35344,78198,29
7398,7643,3643,3115,2861,2948,5450,14371,35
14275,6773,4627,1228,3193,6422,4799,2391,50
2962,8286,1802,1150,1203,1046,70170,91728,48
6826,7997,3243,9839,4945,3269,4137,7696,60
18715,8837,6253,5779,1730,3150,45747,52868,53
8431,4962,1219,1375,829,402,29695,201605,41
10736,5084,11277,4929,7459,1737,16196,13276,50
9813,5966,4462,9786,3140,3999,2158,4017,51
365,1077,1677,2243,1138,2098,3000,58252,44
8618,14876,7538,11696,8334,19720,5972,5437,51
3538,9464,593,1474,1061,1627,20685,51960,51
9152,18320,5283,12517,3173,5322,19584,29789,50
13901,7341,3990,2925,9831,7359,25548,20530,57
7461,1179,7782,8596,1924,2557,10486,5441,50
35037,19522,5137,8085,4368,7133,51213,604871,53
6799,3816,4702,1741,1311,2134,52320,100420,43
1789,4783,1498,1463,1163,891,23685,88778,37
5009,1801,2891,3936,1941,692,18190,275296,35
14799,4315,6774,5629,10535,7704,5735,14513,37
7022,23399,6572,5024,6383,5548,14034,14029,50
15293,924,6349,13465,12020,8711,9331,9493,56
3425,15044,9190,6200,8556,9148,14422,11460,63
9236,2994,7179,3678,15576,6707,5506,5955,60
1608,5186,5052,1709,1604,2112,15033,76245,50
3394,5024,2660,4832,1173,2748,34659,101976,43
8024,583,2270,3725,1421,2677,5161,47300,44
10072,16379,14058,3517,12088,12366,27507,11756,43
5835,1370,4126,4959,2437,2331,8366,221762,44
3153,9533,10579,6845,23113,12796,243855,387729,34
2965,1304,2224,4431,4434,3170,24457,348666,20
14823,18394,11122,8868,8196,11680,110647,115926,14
6255,5263,13833,14205,12544,12726,40251,24305,8
28682,29649,16294,8061,9765,12667,112820,89153,24
16615,9388,5246,4357,7167,9131,2418,17990,44
4680,5111,6018,3299,3620,3858,15779,15790,48
5290,2587,2292,1856,935,1662,31853,61691,50
706,814,992,1173,516,665,31163,222129,34
2886,4058,1963,3181,1441,841,35801,73111,13
17741,11453,10128,20531,3471,9827,21941,14414,16
21474,10741,3783,6659,4558,7773,260407,278560,11
23623,28100,19245,4683,29360,13540,223559,248326,23
9169,7870,5326,4528,6235,19501,34329,6407,29
6110,6487,2922,2668,1080,1918,25389,102913,26
8659,678,5048,3053,4983,6202,25774,19472,34
3551,4419,4929,2901,11908,19807,10143,17574,40
7351,4174,8922,21724,6276,11244,24955,5907,35
1439,8598,976,820,3122,1586,43827,44336,29
2572,1069,1100,1954,669,688,2539,120793,38
2380,3863,4231,2361,3162,2426,23090,927519,30
2501,3357,2343,4098,978,698,114486,518382,20
6576,4005,9411,8079,7129,6766,27605,107478,21
17008,28962,26200,12983,16585,9046,114346,868712,14
14311,11256,6176,7787,1643,3231,136872,261685,11
4901,10223,8212,12998,4223,3657,23218,48423,26
5008,1262,2048,8661,2034,1519,10954,2491,29
13927,14679,2393,3837,3260,2095,91583,17757,29
12590,17673,7423,2556,5437,2320,27611,40850,41
13019,2415,7999,8763,3085,3196,34647,24783,40
10488,13701,14481,11796,2630,1267,49214,18128,40
20160,52971,4897,20133,8710,3812,67750,59208,48
11668,12400,4937,2625,2410,2674,13265,28630,50
5935,9616,8228,14495,6462,10228,64761,824154,47
10814,6304,6491,19099,4154,10355,76317,81707,43
6024,3521,3602,2272,1743,4161,21978,125461,37
27612,6872,18671,45875,32381,12586,206630,2309029,20
3716,11832,3924,947,1931,3103,16250,30957,30
4444,2326,22232,8827,2744,2330,6979,10576,30
4413,6716,9746,10203,6776,4332,5321,7723,30
4218,8677,19309,7727,3615,10536,4891,10095,40
4713,18549,21421,16932,6370,10587,64897,92714,30
23574,7202,7273,7213,1589,3056,36588,152986,41
2387,18735,1515,2546,2393,3546,52554,143611,40
52610,45820,8278,6433,7909,16030,160096,1303831,43
16703,15461,25098,22825,18097,9870,104816,581222,43
3576,4741,3356,5612,2744,6498,58777,133248,30
6293,2032,6541,17251,6030,4614,8163,3639,27
2040,1593,2249,3143,317,1757,16771,275183,20
4320,2745,2117,5717,1535,5198,35890,229474,17
4114,12186,18081,5112,13155,8192,32688,31776,23
2667,4920,2311,560,2382,2307,10884,53491,27
5082,6151,13537,3855,13152,16358,5432,25688,37
16206,2107,8831,2258,19411,15276,43039,295385,41
11260,2021,15786,7231,23624,10994,5145,23342,44
5235,13341,4552,2366,24451,5372,20896,5166,48
610,7282,7781,3451,5055,12944,19439,24997,44
7183,6595,10578,6515,4818,9523,20317,5813,44
15364,7004,18523,7175,6647,20926,9293,7960,48
1466,4144,1910,1617,2024,2487,35520,73562,35
8119,744,9230,1197,9076,12249,8213,4508,40
798,11354,2052,5182,1251,1038,17827,41105,41
1402,5425,2410,5908,2719,912,23678,16987,34
12759,15954,8488,14272,4182,7526,18675,16108,47
9433,8036,2768,8873,1840,2700,31455,96136,44
8630,3051,17354,8027,7040,11857,103518,758618,34
3643,3897,8359,1382,7132,11043,12307,2098,37
808,11692,2647,3247,1835,3467,20208,57477,34
4029,1962,9813,3221,8011,16605,31789,20313,24
3602,318,1875,4374,4795,2291,8864,41478,35
19566,16333,19368,6681,10333,13894,36076,84326,38
1889,2310,4606,3617,2725,2292,21139,181916,29
607,4856,8776,7910,12585,7455,28905,4516,27
6990,4402,6760,17315,6161,8530,25397,235970,27
8136,5143,13248,15296,13128,15480,385942,1180416,4
410,5796,1642,1635,881,921,45021,212589,3
3301,13069,3563,1564,1289,2419,49315,55656,11
4015,7690,11374,8723,21061,10829,57470,184533,8
4841,9598,3065,1996,3393,6076,24851,52707,29
1010,1620,2225,7643,2172,4059,19168,93533,26
13774,9026,5487,10731,6525,12149,48298,54311,27
5141,20940,7311,8056,2506,13593,14627,16893,41
328,1341,937,1147,853,877,3251,123608,38
3254,843,6989,5010,8125,8862,6389,4958,47
5818,9161,2818,2627,802,1159,6373,70898,56
20511,3693,14263,2244,9344,6811,7036,8210,57
30537,26293,6194,9710,24843,24353,335515,260343,53
21540,48529,13169,9788,26028,10022,50616,224176,63
102584,125923,32386,6642,7790,68529,661749,1489920,53
2935,8768,15036,3282,16841,12903,18307,29079,43
4917,9364,12357,2147,7201,6413,11069,14867,53
3383,1825,5595,4720,5393,8204,9556,32010,43
4602,5299,9211,11587,13634,8964,46232,5370,37
6569,9627,9679,4219,9013,10213,16558,17660,40
12102,4486,9654,3262,10840,7376,27120,11985,38
11764,11198,9259,5549,29001,4206,1952,5517,51
2468,4211,2077,2869,1412,1894,12064,52007,60
4090,26560,1698,8002,2662,4199,47225,133761,60
4576,2956,13127,10253,15997,10342,34430,18671,50
11831,2800,21034,3104,8557,4707,16126,9664,40
4468,10132,7601,6175,13135,34505,19508,6856,40
8770,2654,3950,2250,2047,2554,23539,259503,38
1379,3184,9793,7199,9533,5904,15168,18509,38
3446,2462,9178,6274,2666,2630,6418,10645,35
2040,5478,4152,4385,7156,4443,10528,10702,35
7223,13293,5251,8792,4424,15825,19493,5896,38
13000,4035,9490,7672,15666,4742,19787,106115,48
6502,3603,4090,10924,4712,5379,8867,13817,51
13685,11004,10480,9211,3297,4045,16463,33063,56
3331,6858,1448,4385,1698,1768,33927,215713,50
5288,2036,9138,4378,1522,6581,19155,1669,44
3887,9076,5663,8500,4064,4528,1822,4940,48
7750,11485,6591,4380,2174,5055,14433,5335,50
6526,7378,7867,10497,9746,9496,31133,14453,50
17333,4641,13496,4765,14416,10381,7995,4267,60
4835,6405,2232,4925,3469,4941,21559,39564,53
502,3277,291,212,486,696,9444,63915,48
2082,3424,986,1287,288,453,6561,30562,54
3883,2276,11267,5675,9796,6973,9084,26127,44
7850,1251,12460,9326,15383,10596,14902,7598,41
5942,6319,5500,3539,4162,1680,12918,221197,44
11080,4741,9834,8018,13896,9427,12298,1096,44
2160,5758,8754,4286,9864,11511,15580,3274,47
3660,5859,2869,1461,3299,3525,20282,33879,50
4915,12480,14072,12682,6675,18744,11431,26294,48
2767,9021,7000,7247,8624,5824,13292,7479,47
22459,14618,15607,10037,7072,19544,27433,29405,53
8307,21774,8055,4466,18900,24910,85400,986994,51
4944,6656,3360,2573,3476,4652,4086,57367,60
3769,92,1739,5964,1769,3117,9724,32994,54
1889,7544,5423,2079,1921,1957,85884,306092,38
30263,137678,29026,27314,21430,38432,176228,1932879,44
4491,3278,5359,4577,2886,2734,7456,317331,37
5524,6148,4943,7760,3600,4743,45835,195856,35
4729,1897,11607,3394,7630,24259,13065,59444,41
2706,6041,19283,5698,3934,8613,23771,16122,29
6539,4465,5991,8284,3163,2588,20085,75652,26
3717,8326,4277,699,2463,3715,40662,108835,27
3391,6858,30008,4644,7456,9949,25000,12634,26
8719,2809,1405,3673,1837,3125,23558,90130,34
6373,9036,4951,2431,2410,5598,76031,68766,29
19831,4401,7901,12112,6540,3242,5614,4494,41
6315,3307,3326,4749,3226,3651,15363,22007,48
10087,9423,6555,6515,3874,4833,8552,5913,54
3735,1659,1935,2924,1005,690,5807,40799,63
7413,16740,9943,10518,3327,6038,12616,4653,60
7239,1755,3021,5843,1446,2686,56171,143926,50
6221,9628,3027,2786,2947,1146,14682,61919,48
9820,4485,5946,4890,4255,5671,15463,20388,50
2677,9261,3641,1856,2144,1134,20306,32440,47
864,8046,2161,3903,2688,2055,10819,31275,57
2135,10976,2747,1291,1167,1479,33803,52991,50
942,4219,2399,682,3454,3381,11064,71235,48
3283,2919,3015,950,2655,1536,18920,39187,43
15493,8270,16372,8468,10154,15147,46873,187544,40
10674,52103,10960,15040,7499,6147,33579,82380,51
13631,38508,12899,33899,13010,22108,142570,187148,48
5255,2998,10823,2081,11634,3849,6786,15333,53
13999,5466,5052,5217,7313,8386,21530,6648,57
3428,6712,7822,4708,2980,1635,47189,104383,40
6473,2103,2812,3409,2007,2092,12821,71421,44
7291,8774,12093,3273,8268,9315,11940,20652,47
11000,11113,7715,7904,7452,8959,28235,119643,44
954,1039,2137,1354,1293,1368,12235,36064,43
9998,12028,5818,4249,5717,9437,10811,6957,50
8584,7905,6696,972,3708,4875,6543,5960,56
317,1339,433,648,107,301,4655,70743,51
31337,18480,8940,2738,4090,5631,38820,46380,69
638,3433,1278,4412,600,947,89025,86113,41
9045,8910,6668,6273,4928,15619,18819,8058,35
1644,2487,2205,3590,1673,1540,15398,87950,30
4973,3571,1953,1344,990,680,39133,82263,17
6789,6517,3822,1374,3504,2264,18597,15156,41
7896,11239,9660,5495,3596,1490,5245,4953,47
4021,9444,12032,3975,3391,1724,9308,6770,54
1095,652,1583,713,400,966,19184,77012,47
2037,4899,1560,4938,863,1230,27061,113125,37
10333,4826,2498,6196,5003,2558,6573,6766,37
6813,11101,10239,3225,7111,2604,21771,18923,37
1434,3997,3095,3020,2301,1382,28976,45764,41
871,10496,1712,1509,669,738,27597,78765,47
1610,302,2443,3777,422,1298,26557,61202,20
12795,20174,10360,12429,3217,7329,55553,152508,20
9862,6445,5280,14167,5176,3237,241337,213364,11
10003,6655,13469,9799,3185,2796,61340,50487,8
996,1640,2063,2234,953,1154,16198,88762,14
11372,4468,3131,5100,884,1930,47464,72609,11
3194,3366,2538,1852,1973,1816,18116,50331,24
10775,4125,10159,7309,3420,3098,19810,5510,30
5485,9383,6690,3277,3366,5586,10900,16208,47
4344,3945,12334,910,3344,2725,10586,30248,48
10042,12558,5490,5531,3339,2140,3097,8119,64
1854,4415,1423,2311,1086,955,31823,58596,56
5726,2662,4848,7961,5362,15929,10511,8711,51
2282,532,1322,2232,1177,1013,13412,56708,43
7996,4621,5270,3751,2713,3210,41473,9836,26
1844,9250,3462,4397,5551,2955,3925,4292,40
4519,2302,8571,2928,1257,6065,24599,13878,35
4214,8423,1783,2074,626,1472,25209,117136,43
2026,1216,1147,1859,1387,1008,20263,31428,38
8588,5971,6711,3811,2668,2713,3115,9963,40
3933,1240,998,2014,1422,1700,9595,91406,47
1501,816,2525,2955,2102,968,8750,302047,40
3175,6637,7189,11402,11008,3939,21353,3893,44
3433,1098,3800,681,4274,2125,8466,72463,35
7852,10522,12623,5005,6962,4801,21259,5220,35
1730,3227,5429,906,2152,3768,7919,4344,41
10936,3037,7521,9711,6405,2657,17118,3771,44
18663,1168,5959,6012,2650,3211,16188,4553,51
2789,1824,2369,6500,2428,2426,2497,24408,51
5101,6621,7020,3213,2201,6170,5310,3224,57
14259,3295,4117,8737,2754,4707,5726,14533,64
12768,16876,4464,11808,2738,7159,26441,18266,64
2887,792,3980,2153,1505,3337,20306,51888,54
1550,11417,5627,16957,7799,9428,15380,56047,48
51298,31860,32060,6884,6505,29386,104895,114416,44
11048,7391,2629,6528,2649,2592,22670,60317,43
12421,3343,10617,7657,3277,6590,12176,22304,54
4717,11894,7850,2099,7766,6726,6955,5558,64
4918,9973,13207,6625,8472,8064,7681,13604,63
1124,4746,5878,3675,5076,11741,21117,6621,53
4624,12056,16238,22812,9034,6482,38826,57589,47
8259,13599,13823,10984,4338,12922,22789,2730,40
4141,4107,2273,1076,4444,1677,8574,40231,41
3933,24778,11116,8053,6601,2782,28944,18966,53
5684,9807,6915,8867,8491,11432,21443,5349,57
11359,13975,3269,3703,5170,5844,33513,4620,61
14381,3142,11927,10529,8303,2566,15601,15047,56
3794,13669,1919,1761,2493,1438,27439,32559,54
4028,1725,2662,3068,748,1615,30613,97479,47
1024,2657,1479,3435,2900,1949,21024,48734,34
1079,3900,11260,8373,7602,7890,3407,9739,26
13094,7137,6259,10465,5752,5749,10480,13363,29
9728,15279,5111,11107,2021,9975,19272,4097,43
28104,50960,16915,16883,7214,19273,146875,327290,51
40730,57157,7995,10390,27450,18791,106399,794617,63
9138,3162,5306,8935,6075,10416,24074,13812,56
5638,22168,10185,3045,3476,1477,23278,12267,56
10522,11986,4808,5220,8298,4945,10006,2677,64
1704,177,1448,6328,1239,657,16488,80102,44
3315,10585,2757,6033,3582,3732,6597,17548,53
3733,9598,8439,9018,2214,2490,8676,11969,50
4868,4564,5701,10475,1806,4056,16586,6515,38
7697,2529,6871,4730,2225,2879,10585,13496,54
2840,11493,4329,6665,3769,5669,4838,6315,54
2930,17037,4332,11380,5604,5639,9540,14073,56
13851,18490,6423,7949,3157,3722,9916,10912,70
4450,7789,8807,7789,1484,3577,9301,21730,70
10102,4443,6492,2402,3884,3378,14459,9270,67
3047,9650,6238,13549,2204,5701,5960,3766,64
7186,3795,6077,5917,3695,5450,3852,12475,57
3142,8860,3891,794,1298,1017,34841,78953,54
4333,5742,15312,10410,5044,7532,3737,6802,48
3707,7063,7434,3111,1907,4127,6985,3005,50
11178,4648,5484,10413,3870,6429,18233,7800,47
3743,3344,4939,20127,3525,6455,29599,26924,40
1408,4616,9847,10871,10507,6897,10990,30675,34
1898,11181,6444,2653,3937,6710,4663,8653,38
9224,21450,1431,2458,7350,4563,6422,16574,53
3935,7413,10316,7655,4055,8602,39680,117209,57
5142,5590,7096,1342,8983,12420,16527,25751,64
5082,9265,3629,14393,8538,7362,6033,4158,63
3924,3146,8887,4303,10207,8927,2455,10738,47
2627,1274,1569,1354,1612,4351,1913,81749,57
6433,9260,11888,15832,6584,21489,10945,7085,57
4279,72,7473,8786,5090,5292,13999,5775,44
5870,1317,8497,5726,6420,3829,8802,13098,43
4366,16338,3312,3264,3330,5832,92626,575564,30
3521,880,2863,5038,5247,3852,4789,27704,29
6144,10880,21754,12485,3677,18888,32931,11444,34
2440,5802,10282,3874,5504,3993,14239,7791,34
754,3320,2352,1794,1666,1881,16223,45986,34
3487,2425,3428,2198,1223,1742,66770,54602,20
12946,7733,11729,2980,4841,6559,8765,5425,30
4098,842,7377,8309,11059,8726,10465,4122,27
7215,13915,9156,4493,3152,3567,24809,1017,37
4282,4260,17197,3171,6962,6629,14729,17058,47
18179,12241,4601,9655,2634,4188,16431,7043,47
15834,6399,1907,5192,853,3172,173334,275962,41
11005,5288,19692,9174,5321,6815,45868,24761,34
1371,6114,3563,2166,1846,1256,23506,91318,34
7180,5278,12317,3744,4914,10427,30589,17280,21
3612,105,4041,1542,1974,1570,8052,34698,29
3462,1493,2250,1740,1307,1461,17426,69350,29
1425,3898,2388,2042,1252,1266,11145,100149,34
5111,4015,8314,4676,4507,5065,13440,19680,35
2069,5006,5446,8994,5367,5947,12412,31378,35
8419,5469,3899,3059,3366,3660,36119,3504,38
355,8755,1538,1134,1293,796,121267,104294,23
17025,10653,14398,3924,3725,5619,10829,2895,30
3295,11384,1555,2560,1107,1763,25915,81895,38
380,1223,1797,670,721,659,14282,102616,26
2112,2130,2287,2425,1343,2286,32009,76625,30
2902,4802,12384,3147,8679,3956,10445,3775,23
3044,3918,11023,5823,2985,5322,25561,4582,13
8499,1489,12433,5092,2023,8320,10525,1478,24
1549,277,4948,7768,2827,5176,6367,4527,23
10211,10023,5973,9387,6625,5435,12810,1789,29
12906,834,5000,4804,8071,1522,4925,9396,44
4068,3539,7306,5173,8717,2783,5780,11985,47
1725,4488,2006,3974,536,532,20415,58719,54
3388,4907,10857,22950,12298,7062,19699,19884,41
1163,3319,1800,2875,3062,3980,4749,328416,37
7820,2382,5710,9467,6669,4575,4679,4527,37
2882,2302,2177,905,3271,938,20149,67609,37
1955,865,1850,986,1263,1855,10450,29779,40
4987,4162,3474,7142,4293,8876,5500,3750,41
6902,1314,3300,4474,3585,6608,15611,10038,40
6926,4148,7339,4915,8581,3753,9662,5423,47
5562,15675,6095,4034,4591,7163,7907,2663,61
3843,4506,13612,3720,4046,6385,6537,5419,57
8485,7754,2525,749,1014,1372,53281,61295,54
5852,11555,9645,7744,11999,8433,9307,22576,57
1175,6292,8698,6726,3778,6010,17941,15920,43
523,398,1709,2117,1599,1573,15266,54046,23
1097,2995,1079,1484,994,1955,9837,299083,24
4791,6425,1436,2489,1468,1090,13090,41816,23
37985,24021,6632,6357,4984,11361,35936,54700,40
5927,1028,936,1597,2865,2328,11927,18453,60
2881,3868,1849,1391,884,1651,24836,70876,57
6190,9036,16416,5942,4000,2321,19313,10988,53
11414,8477,4930,6876,1947,6324,1783,6208,53
7545,9606,7358,2498,3294,4475,4917,6509,61
901,798,3069,2543,876,458,4608,33952,60
6865,13704,4958,7159,5211,8681,5719,18948,69
9584,2025,4761,7269,5520,4879,16450,9480,60
7822,2380,4970,2627,1460,10275,9691,13898,53
19109,1616,4101,21199,3144,8842,10946,6302,63
5508,1908,5337,5669,1234,3963,30837,16317,47
13027,1932,2847,5133,3313,3965,6834,2764,53
1426,2786,1590,3078,1311,972,13608,66769,47
8662,2456,5981,5099,10592,5599,8572,13806,47
2724,5935,3774,858,1444,2082,16680,21805,53
9840,34228,9906,8752,3972,7037,28941,42683,53
5832,24911,8527,8231,5544,10861,119043,279891,53
3029,16916,27943,7460,11136,8360,25762,6959,48
12245,2994,7200,14192,3344,12553,21422,5641,47
1861,2426,992,2687,3257,1205,27780,203384,29
7299,2461,10080,13886,9040,9359,20740,2542,29
21633,6433,12236,12203,7173,15501,262364,854034,17
3091,1299,512,1084,1041,1327,13637,85774,16
2592,5652,9170,9407,5963,5782,7216,22720,24
6309,1831,6107,8215,7369,9234,8471,16822,29
9755,6697,12052,15155,4575,5739,22710,8564,41
6078,19057,8826,2799,2228,6417,21785,1506,48
2408,3527,2010,1944,3081,3137,18277,46040,47
2216,8198,3269,1629,1415,4673,89080,215752,37
2725,11278,5659,12240,3144,5849,8768,37771,40
696,766,1414,2062,639,1556,9580,70318,23
9582,13827,6857,11907,2414,7874,84257,717134,21
2766,2894,3798,2468,5092,6371,11837,9873,30
5083,8735,5903,10569,4333,5159,13596,3707,29
2864,850,1928,1143,1926,1785,20725,45728,34
2452,4172,6415,4756,4248,7555,12713,11226,35
1540,831,9805,6671,3120,3208,11896,7220,24
6097,13082,4538,7622,8920,9436,8459,19050,30
7063,2161,15350,6715,16524,5420,27054,25704,35
9806,5826,12941,4636,32817,21380,20370,18102,38
2149,9679,4168,732,1439,892,36038,202836,50
3375,3892,2909,4766,2360,1841,28970,70269,35
5297,11481,2196,2858,2110,3520,18989,40940,48
5771,704,3444,561,1347,1683,20778,51590,43
5247,12994,19495,9679,3436,8381,11878,10577,47
3789,2384,7574,1118,855,1296,7126,68111,51
4272,2602,10601,11973,5151,7415,16417,5726,38
4089,1060,7577,3923,5111,3487,43907,40075,29
7477,9791,4481,4746,3031,1553,19028,11165,34
2444,3219,1495,1069,1311,1301,32670,71543,24
15267,22539,2374,6355,1865,2793,25725,200099,41
4773,10815,7031,3557,3167,4997,11487,53820,61
4299,8580,6167,3634,2035,4221,18863,68850,57
5987,1578,12848,8879,4986,8457,18034,949566,60
6150,18693,6166,3790,2810,3118,5970,166871,63
21467,20417,20900,10048,13801,6977,68161,788874,56
7129,1868,4831,3513,1590,2992,16763,266556,54
7914,10624,2137,4244,5637,2179,13846,148732,69
27654,31605,25463,6698,21165,17371,106056,539960,57
16926,36694,35333,7718,21091,27936,44546,115584,61
27761,30398,18062,21988,28923,13552,100055,828341,63
13351,3729,18248,17601,5286,6553,86620,120905,44
6933,2613,6821,4431,5369,4470,20232,28629,43
2419,7922,10177,15188,12237,14899,21913,19158,34
7761,1713,14250,6955,5457,7643,19247,31697,27
12825,1069,4737,6526,4378,3078,5657,3668,43
2442,3736,9463,7034,8252,7151,7223,12991,43
3042,14262,5489,6642,7080,4855,24316,4681,50
7843,4439,3236,7805,1270,3898,17547,5726,54
2667,3501,1049,571,738,1163,25258,47861,43
3551,9294,6506,3886,15863,7961,11640,22420,50
750,1372,3294,1700,1574,3836,8788,68505,40
347,3055,7923,4515,2105,11558,17294,309461,27
5393,19705,6298,901,3332,3654,11516,187651,44
15679,4711,9711,5411,5503,12448,185380,339827,27
5773,4142,5015,6298,5017,1949,49282,214913,27
7265,2197,36873,7542,11276,6456,7903,6098,30
14033,2085,13658,5670,4173,7135,16711,7756,23
4847,6471,10025,7776,3664,6036,20223,18673,34
1865,2135,3825,2346,2101,1909,15723,84431,35
9597,9967,12393,17236,8657,6431,32900,45021,38
5920,18897,15975,10432,9598,7802,17705,65072,41
3464,7018,8623,2736,15086,14077,7864,7762,47
11602,16216,4829,11624,15323,15214,14004,10364,61
2373,3632,1598,2612,3873,3741,27410,65225,56
865,1136,4277,1160,1192,1458,3865,56158,47
4179,5512,17808,9102,3640,7443,10148,3763,40
6722,11400,4714,5075,4388,3113,5468,6715,41
2287,4122,5476,6829,1836,2071,20331,82559,43
10553,47946,10857,20780,13081,15449,51203,177124,54
8089,30556,8336,6125,5314,3498,29101,10997,66
11504,7284,6365,11862,1745,4595,4935,2149,63
16101,10414,1898,13750,2776,3575,11654,4683,78
13292,9738,11730,17301,3209,5379,9195,5819,77
5979,5263,6505,6268,4215,14308,14244,26841,67
1812,1903,5448,4485,6033,8313,4557,7292,56
2179,1570,1622,490,2022,708,4198,98263,53
2320,2469,2281,1432,296,1766,21566,57954,41
16763,3505,8884,8843,2189,3085,4873,2706,50
15890,11987,3351,3769,2832,3529,12377,4574,64
5773,3575,1534,4301,462,975,19957,26884,61
2569,3268,6023,5564,1069,2939,34087,244509,57
51324,106165,37689,17887,16116,24981,84404,231076,60
3356,6979,5138,2095,1847,3034,14152,107231,50
16668,8231,35503,17456,10131,30638,21721,30562,48
39046,15163,10752,8100,5411,11957,83610,1606125,61
15429,7672,13036,35394,11947,6533,23008,19399,51
29068,7133,10544,2321,3066,6876,9037,1619,61
45239,11381,13070,3525,11364,8102,12462,34493,78
41101,8354,9944,4217,10678,3065,15151,9095,88
37871,4067,10341,5918,7394,5472,6457,10073,100
13862,9125,17609,5828,3636,6656,4429,10557,97
34602,672,16054,3520,7760,8284,4356,4478,96
12474,5719,13486,6300,3796,2718,4757,3456,90
31401,7289,9785,1673,4977,4743,5933,11140,91
34067,6237,13077,1679,10578,3021,12143,9163,94
2931,12198,6092,11789,5002,4967,30747,52751,81
14440,13985,10390,15933,4249,2079,34445,8712,77
12109,14486,4119,22246,3576,2805,19875,21447,63
24240,32156,11718,12357,2667,3534,41639,51550,57
17183,15599,9687,6205,2045,4187,41925,119662,63
21331,10376,9386,4845,2893,3428,53851,143040,63
16694,19852,7283,17456,2337,1773,28900,132993,64
30058,4408,8384,6547,2642,8301,24801,27189,66
35031,3808,8376,1797,1919,6328,12221,7871,77
15089,12516,6870,9450,5328,4811,23486,47733,81
12068,14898,11302,5933,2465,3293,18407,22105,83
7934,23082,9540,7142,2347,6853,19862,23142,83
11329,1589,4901,5113,3386,3289,16104,17398,70
8669,31612,3159,3915,2630,3353,18460,7322,78
11905,4669,4116,1221,3408,3437,31746,28340,74
12235,2667,3797,3633,3674,4276,5310,3913,75
9570,16545,12091,9737,5574,1648,11067,13553,78
42950,25824,9552,16294,3744,6272,28215,11744,77
36619,10016,5029,3972,2076,4494,41006,26707,83
96762,6667,11452,5385,2301,3920,28047,20963,88
23598,7294,5613,4233,1336,1150,61625,22535,83
27473,5018,4687,2223,2727,2340,25075,17810,81
43809,12368,5875,1408,5105,2587,14884,15730,91
5754,7685,5928,4317,1858,3382,17294,12079,77
45268,6571,3086,4937,1145,7137,21766,18550,90
29600,10894,8065,9424,3031,3343,13249,7576,91
41964,12102,8282,6794,1338,2219,78268,17968,78
15243,12713,6509,11528,2838,3821,38153,33111,78
13248,15728,13424,12064,5024,2594,26351,67948,66
16805,5845,5933,17094,5176,7119,19109,24357,57
6797,10004,16060,7002,2070,8006,15712,16590,54
18245,3213,3683,3466,1692,2438,19517,14086,57
9836,4797,13283,7941,2341,2007,14409,9443,54
13748,9842,3324,2951,1692,3288,10854,15875,63
11556,38455,6514,4779,2709,2281,29053,8093,74
16117,40191,3235,9392,1977,2667,23713,27885,80
34294,9740,6335,6642,5260,3539,16916,17618,93
61161,16179,3488,5700,4207,3934,5406,17822,100
11064,11923,3966,2599,2851,7949,7864,6777,100
28687,9551,3591,3151,4066,7579,12243,5773,100
40300,5156,4683,5731,2437,4897,22788,5597,100
38774,5664,2860,2947,3033,3755,12506,8135,91
8257,7642,5585,10688,2035,4381,17327,12431,80
7485,1019,6835,6035,3633,2573,27480,4016,60
25009,10505,6435,1819,1764,11963,15582,17997,61
7601,10274,5849,4701,2462,3348,38124,27343,44
6596,10546,6259,6043,2833,4523,17952,32443,48
14563,12479,9478,4823,2051,6308,40901,6367,54
13130,4962,4426,7530,3581,6654,14037,6523,48
16036,9988,5323,8070,2178,2714,2969,13262,60
6218,5899,5627,6770,4310,1372,14711,5851,57
9218,6287,5773,5396,2207,2567,20605,39429,57
21937,9208,4273,4157,2030,3511,5369,10528,67
1463,4945,3873,2534,3819,4556,16888,28566,53
14004,5472,11096,6115,2160,2086,19608,15886,54
17146,30529,4492,1622,2656,3492,104327,81656,53
29877,32100,4551,6391,1917,2214,15834,28547,53
6628,9346,1980,4108,2168,3468,32531,22420,57
16398,3319,4620,7981,1777,3774,8907,33130,61
17883,9738,8040,9680,2245,2047,42114,25059,63
12921,4592,6346,2571,4605,4564,3542,10957,57
17383,5402,6028,4938,2584,5122,68055,72070,54
34443,3298,4498,13990,1438,3570,27477,23897,54
21196,38330,4440,12768,2486,4425,11400,112805,67
17152,16542,8249,6511,5531,4692,15985,32949,66
15423,6274,4070,4327,2406,2388,23130,4261,74
9221,12655,7133,5427,2901,1309,37702,58481,66
22197,18517,6554,3026,3436,5073,39836,48670,56
29837,11359,5089,6711,1884,1231,15862,45940,60
15513,4955,3873,2043,1367,2636,59057,72444,53
90282,20512,3553,23115,2014,2885,27192,24088,67
17203,13825,6704,13646,4947,2282,26490,17225,66
16795,2836,3357,12369,3010,2441,35597,53793,53
11846,15220,2236,3607,1887,6002,25865,45368,63
11977,3318,5777,9022,2054,3719,26741,49858,48
9326,4065,3179,3670,2786,3641,20570,7897,44
41064,6732,5547,5768,2164,3085,17854,12311,57
2955,11626,5114,6581,2731,4481,31413,44795,50
25790,10847,3329,6724,1279,3241,20107,33747,61
9158,7060,2108,2979,3340,3440,12053,78254,66
3505,7913,3301,5691,5886,6017,35470,214098,50
17066,19354,5916,3972,1387,3357,34127,151002,57
31749,3263,6187,5098,3966,1853,8479,42394,61
10312,4309,7687,10516,1269,5635,16846,9491,54
5633,11642,5829,13963,1587,2057,6341,4150,63
7580,7905,2040,5629,2239,727,24634,3561,57
16472,10252,4985,5022,1448,4088,59428,38021,44
12744,13471,5096,6912,1119,1384,8273,6901,54
40581,11410,1965,11977,2387,825,12782,13482,63
23332,22372,4872,4047,2052,1859,6760,26469,80
11310,29602,3583,3258,744,2808,13078,11870,94
6318,38283,8150,6764,2698,3175,30338,15235,91
24209,11788,3584,6064,4113,2027,33917,12969,84
25337,39168,8855,6221,2548,1519,21718,24076,80
30073,26604,9639,4235,2100,3388,45063,23173,74
15202,5484,4617,1412,2442,2517,16229,94466,74
13452,10411,3704,1981,2666,3198,13940,54145,77
46879,7153,10282,3351,2049,1349,58428,57432,69
61731,5003,6394,14974,3805,4872,21248,29464,75
25011,4471,2323,8317,1626,5334,24387,66360,74
26887,40554,14342,3084,3436,8460,19758,55943,77
24990,6705,4293,4852,4215,1602,127464,67804,66
30268,20611,3817,34535,1413,2596,78142,99834,53
29677,6542,7417,11466,2919,1952,5219,4854,57
24916,119,2510,9360,3238,3789,15317,13331,53
35165,14372,4821,2053,1430,1722,34047,185561,67
40328,27473,19130,8120,3369,2465,36011,17580,78
8875,5710,2952,818,4072,1045,25871,909862,66
663,5643,3343,2175,1385,1028,20310,133141,54
1688,4925,3952,1375,973,1707,49413,60605,34
3955,5706,2787,2282,2791,1727,18937,61969,23
12911,43693,25080,4584,8055,14809,41525,31154,27
10359,43575,20200,19387,9456,24445,277192,1369383,24
11277,3368,12330,7518,7127,5862,11129,40640,38
969,9634,1893,1363,2373,1453,17275,52637,40
27678,33789,4818,10332,5147,3479,31761,10628,44
13155,3589,12868,9232,5524,15445,109687,179292,41
8970,7346,14631,2557,14446,7844,13082,2799,43
3823,5397,1835,813,2773,2492,16825,41936,43
2713,8114,3665,1210,1328,3388,9705,24085,37
7597,4365,6527,5310,6789,12449,16398,78865,48
6695,3055,10908,4332,9125,5151,5287,18730,47
1728,1864,1637,508,1056,799,4289,14668,48
14793,7961,8409,8332,13317,13664,10936,87931,50
13338,80071,19411,13843,16262,9107,110237,475872,53
6812,10988,4378,1595,4794,5124,25032,230238,54
9778,6558,17379,14131,13286,12926,22320,4181,48
5939,19823,5958,12426,14078,8028,7617,14798,50
4023,11671,8640,6753,17562,8952,14158,20096,48
6451,10350,23365,2892,8239,8495,9664,3980,48
1204,4857,2006,2125,1586,2180,19294,47991,47
6953,20391,9546,7076,6014,5083,9594,13166,47
5332,7121,13031,7982,14712,5370,20965,70918,41
15087,36599,8570,3311,20049,15840,24108,11293,51
4049,4496,3091,1612,2457,3047,9025,62326,60
4685,7434,7005,2956,10667,15026,12207,3891,53
7755,1070,13708,8415,7079,6165,7548,10246,53
4942,6684,5173,5810,3316,3167,20757,64276,40
2556,5096,10221,6629,14800,17376,12268,937,30
9917,1205,11893,5299,6542,10299,18429,10938,26
2789,231,1789,2769,1119,1382,9534,110004,23
9328,12448,8957,11600,2026,6340,11928,7776,27
10897,12121,6920,5288,4370,4668,67582,12008,29
3017,1643,12276,3379,10770,4695,8828,7681,26
892,4095,8161,5002,2559,2630,13134,102117,24
11697,10842,7609,3698,10401,18694,51538,28724,20
3126,15683,8928,17608,13952,11543,127673,337350,11
5244,2239,10662,3145,12197,8005,24720,27482,11
4102,11686,7147,3207,5428,9593,25406,5034,20
4426,2499,4680,4537,20233,9094,25646,7128,13
4452,3454,10953,3227,11075,10653,12958,5186,21
4591,3804,9079,11658,12291,14081,2777,5761,27
8305,5207,7996,16831,7288,9204,9628,19013,26
4748,3410,3914,10209,10523,22673,14847,9757,29
4952,2638,6055,9863,5862,11968,4480,3925,34
13673,20233,5224,8176,8001,16004,79121,506493,34
12160,9762,10885,6615,10150,8819,22879,29734,37
8061,11499,7387,17155,4579,7320,67719,114521,34
4584,2027,3344,11288,2553,5508,21244,1310,26
17205,7698,8576,2785,4559,4558,6387,20319,38
41383,46983,19168,16110,16855,23802,240737,271184,34
12796,3588,5287,4425,7704,10678,19131,24364,41
5573,6313,11139,5111,2982,6492,16522,4664,48
4934,13623,13003,7541,6952,11736,10687,17935,40
3681,5764,12400,3345,7181,7620,11823,6254,41
6410,18332,18873,11252,5773,7697,33036,37479,37
18477,8697,5930,9804,8298,3458,20158,5366,44
7212,16432,9146,6667,4866,6445,29583,15685,43
17342,5225,9478,3891,4554,4407,19744,6262,50
7585,3009,9181,5848,6249,3735,14805,2571,48
6918,7398,3603,2716,769,1515,28565,66272,41
26152,3598,7849,14098,2949,11171,82505,115162,37
22698,1934,13638,9065,10447,9656,40276,21756,34
12395,6434,13749,7565,9616,14285,43474,11783,30
7465,4102,5758,3625,12487,4728,48387,14094,24
13283,1535,10922,2870,3072,2608,11462,6753,29
3467,7768,2086,1295,826,657,9105,66108,38
6129,4872,16079,2062,5211,6212,22622,12689,37
6613,5778,4843,3164,5296,4529,10933,3942,48
9111,27005,13915,19892,36847,15293,136679,746655,38
15384,11223,15281,15696,11965,14677,75363,104065,26
8611,14257,12583,5557,11032,13817,22652,15436,35
6166,2261,16067,1692,3971,9737,37833,11382,21
14944,14236,27670,7032,11103,8867,50060,176919,26
3802,1825,3495,2146,1830,2057,13909,48507,27
11594,15525,15382,5794,9553,12613,5160,8144,34
3426,3550,6872,5705,8379,10950,4514,2271,41
2888,5144,11254,3699,19078,6012,10890,13199,40
12309,6291,15136,8650,9005,6891,3113,4224,50
7713,5432,15290,8173,12757,8437,26885,14262,35
13017,15473,15975,14957,17192,13581,20084,143008,38
1324,2714,1878,1661,3170,3388,19459,32363,34
6412,4928,10965,4795,11598,16213,7739,7952,29
10288,3615,12003,4625,8672,8029,12821,9797,37
11491,7148,15171,2359,6435,6826,13075,7750,38
3475,8885,4831,10142,5606,8165,4751,667,50
3850,9607,4846,8471,6291,4468,40317,4895,43
8185,13391,8056,3748,5917,8492,15688,5817,47
1781,1364,1541,2426,1735,1635,18060,76073,34
6604,8044,11049,4296,12860,12963,15895,3571,30
10830,4563,3775,2247,3295,6916,3421,7557,48
3469,3377,9934,11915,4948,7550,9971,4343,37
9410,5987,16327,7994,10175,7469,22863,20801,44
8283,1410,2366,3210,750,866,1745,35543,54
2840,3069,1123,1297,940,957,22211,48665,35
880,5063,2482,1033,801,1280,29021,51890,35
16575,4690,12482,6515,3659,5728,6213,19598,41
9311,8580,14290,1441,6408,6953,14833,14429,35
3017,7559,12165,4614,4033,3935,13768,4031,38
13747,22052,3617,6936,4164,3042,14634,8611,57
2533,10020,4185,6163,3925,8056,20204,4333,51
7779,3017,7823,5089,5121,5301,11430,5359,50
10899,8992,5066,8050,9632,8510,13665,18411,56
5350,11279,10886,1122,5951,4795,23434,2120,47
17998,1297,9343,4718,4622,5622,15140,11277,50
5119,7209,7964,3367,3366,7461,8013,31067,53
2891,2540,9529,2431,8715,4617,5849,2205,44
5001,4366,11301,1637,6608,12066,6112,8395,44
18002,954,3797,4414,2646,3738,8206,6143,50
12671,9278,6587,2013,7160,3055,12075,11752,54
7715,5006,17695,2766,2599,4204,6430,11881,57
6188,4147,2571,2124,1074,1543,37284,72438,51
20582,5629,6505,5211,1925,3458,19557,6369,48
7739,10298,6676,3207,4738,9274,66347,45445,35
3776,8377,10512,11902,2707,8838,46174,252348,24
10419,4770,15143,4462,8863,14058,10347,5042,30
4792,19818,2803,6016,1597,4161,63912,42443,24
2985,9201,4031,3032,2867,2003,39187,215564,26
18895,6579,12706,2855,6410,3513,15864,1112,43
11383,454,6367,4868,8693,7646,10077,2328,44
14348,1065,17026,7308,6959,4845,4597,5329,48
8646,908,7204,7294,6266,7714,7282,18722,54
5191,870,4390,1531,1801,1109,6145,70900,50
7755,11474,9341,6225,5103,7473,1933,11490,56
791,7600,6514,16423,3194,6701,3786,6204,51
7487,3670,9200,8999,7296,3417,2057,6167,53
11362,12720,2633,2520,2175,1086,48462,47057,51
13600,39519,7015,6633,7385,4297,298298,300255,34
730,2640,2686,4862,5006,2117,55154,130702,16
6604,2434,17002,11253,8204,12473,15020,4798,8
8161,15509,17566,22313,10644,9815,28489,323700,4
25981,46745,27637,45764,21997,10904,106513,286367,14
6301,5087,5551,10947,14090,8687,6142,13171,35
2730,6093,8871,6025,3165,5943,5033,11927,43
4003,3687,5204,3611,2627,4645,23559,8374,40
11085,1070,8754,9915,3734,2304,8222,1507,40
15020,22329,15102,31092,9301,6040,47165,22768,38
14877,59197,13020,29504,7683,11203,283992,181100,34
4178,808,6419,16094,3664,5143,20934,7794,24
4614,1201,5918,5673,4505,8057,10297,4198,21
16013,9248,9857,16510,4955,11173,64347,171852,16
5987,498,11990,10005,8062,6455,6741,30977,14
4715,10393,17026,7472,7756,6855,9012,17025,27
3199,6605,9191,12805,9082,9362,19874,12760,26
7558,10391,11866,4441,19174,18059,15062,18749,30
3082,2439,10506,18109,9234,9431,6223,13228,29
3956,4568,9881,3472,5753,5953,23068,2836,24
5814,9643,9818,2192,7627,10232,3351,1829,38
16230,4635,8183,5320,5059,12142,6818,21573,44
2295,2250,6368,7195,5634,8228,5387,10388,48
3159,3222,11172,6990,7037,10841,15016,13654,44
3069,8756,5084,14039,7001,7222,15726,13987,35
1869,4275,2665,4056,2262,4692,60330,133339,11
17347,2899,1752,6401,3229,9791,66510,350980,11
22470,25195,20191,13362,2951,11566,12580,165383,27
5363,17507,21868,14674,3756,13500,28489,33846,29
11982,25033,9358,5926,2515,5368,12689,7644,54
30113,23784,7703,15343,6610,10443,306534,1893376,51
7716,3746,8290,5905,5955,5809,2169,13006,48
8070,14048,17725,6211,3468,2818,22735,374134,50
6159,15130,16311,9621,2899,7122,26632,21977,40
3532,3100,15553,9825,5911,8366,15001,8451,40
13456,7657,43199,63037,24585,15925,242728,430818,16
3207,605,3082,1367,824,956,53593,270359,1
7019,29828,12683,6281,5144,6520,25780,45630,4
2525,1150,4971,3002,2224,1880,45515,112813,1
6376,11557,3001,6744,3047,6057,47056,185881,11
6099,11486,10517,2755,4867,13844,52392,926307,24
11295,5754,47130,31473,35336,15839,219546,1614815,1
22140,48761,54543,22617,16032,36424,122689,238928,14
25690,1791,17988,27332,52919,52281,76434,1223198,11
43078,25106,49859,19161,18233,14611,171501,503435,13
35955,91686,29065,54837,30582,44540,798571,1478283,21
146322,19983,74855,81039,63459,65158,560737,3224483,17
15414,11547,6882,10513,4767,3571,100441,323596,17
20770,113420,21166,10747,11618,41175,543161,105467,16
25567,54270,11155,9983,2428,6364,60690,326361,35
4260,1257,2457,1186,2618,2388,92030,89546,21
3806,3369,2945,1730,3517,15742,22410,1875,23
2067,6621,5353,3251,3368,4112,36779,380509,20
6144,26059,16064,5185,5602,18033,4136,20118,23
12836,13183,6458,9998,8466,14137,3515,10186,51
4761,11744,1388,4721,2887,3477,15544,103831,61
18083,5299,6433,7344,4450,5193,24418,43586,74
3483,2430,4259,3808,3145,1871,6546,12557,61
11326,5479,3953,1730,1008,8039,14702,4637,57
7007,2564,2610,1844,2902,2432,13099,1949,53
9083,2848,3495,5529,3750,3196,17440,19620,51
12220,3850,15952,12625,9971,10084,4090,22107,54
3644,7669,8550,2745,6949,8323,7286,6390,50
10859,29349,3385,3882,5724,1695,13998,12610,61
1172,2776,4258,3975,2669,923,13025,1767,53
2643,3353,2658,1311,1596,828,23019,8056,44
2869,4125,2484,4292,2341,1238,4317,7184,44
3427,2709,4820,4974,1688,2563,46572,54514,20
4278,3098,1777,1023,835,1607,7316,332978,30
2305,2720,2474,3112,1339,1399,10745,21000,35
10978,22981,14504,17515,16568,17682,140309,2735307,24
10633,19225,7514,4583,7320,4255,19939,15142,44
6930,9394,3199,1342,1526,1766,39198,286501,38
4581,4206,19493,6887,2604,7622,8591,1282,37
2397,5234,1958,2136,842,1762,6341,55546,48
3372,7857,4917,6276,3173,5206,9362,8392,43
14342,6968,3584,8567,8875,7641,11698,2970,51
4626,706,12543,8645,11068,4556,12493,6621,47
2495,18699,8636,10832,9430,8105,3781,11834,48
3755,17130,5341,2403,3511,4756,23099,115877,51
6241,5761,10894,3481,12341,5533,5719,14071,47
10621,3671,15184,4657,9714,10876,16368,20317,54
2896,19255,19608,3549,4483,13501,13269,3923,51
10201,12995,10233,3569,8601,3931,8399,1854,56
9742,2285,12274,11213,8719,17104,26932,9534,48
1903,5277,21075,5378,18557,6170,10589,7581,41
14149,23452,14601,11976,24935,18286,95781,620251,35
71108,78872,20949,8426,10265,13069,158038,99857,34
4485,142,6879,3788,19094,12462,11945,3752,30
5319,5481,8772,3767,43863,6536,30608,4306,35
123271,115439,96335,50738,24816,53469,263686,1109375,40
7563,66067,47280,51979,12728,30749,347490,1009599,24
3413,3476,3339,2885,3008,1842,54707,127065,20
81565,301217,18035,42650,19301,15998,829644,1459716,24
5006,11555,2254,2847,911,1309,13031,1205690,29
10355,12920,9818,14688,17479,13953,31007,17461,38
2991,5612,2317,1421,1536,1010,10831,297847,53
5696,12639,9873,10813,29376,7617,28042,62536,53
34679,34437,27723,17497,10408,23686,252301,1108536,38
4656,8210,8546,6250,5779,13351,11823,17029,40
121885,72969,34142,131442,27755,45582,239837,100257,38
26170,7751,6235,9846,5221,5013,128544,235399,35
10637,13546,4272,21173,6278,13900,15607,84666,41
8368,35324,8034,3201,4827,3335,56148,106353,43
2400,6198,1977,2137,1199,1410,21676,127181,41
4457,3349,17541,8785,4895,8091,6438,31077,41
2106,1194,2372,4660,2579,1011,8475,54360,30
8081,4801,9107,3571,4759,3907,6536,11062,30
29372,26126,30690,36362,18891,16787,270465,429824,24
2778,1820,1053,4213,908,1762,10234,35619,26
13596,2329,16021,5780,3631,6837,17175,11018,34
4250,14293,1266,2075,1586,940,37201,43237,30
3346,21084,5882,11628,6324,6489,23343,9084,43
2720,16122,2736,2139,965,2099,33292,30834,48
12520,12299,5671,4350,6355,3695,25032,33924,53
2641,5324,5786,2901,3009,2327,23068,644,47
2734,5993,1937,2923,2638,1786,13499,41810,44
5161,16510,1640,2725,2416,1245,15527,44032,53
8333,11939,5067,9580,6088,3675,12326,5806,54
5926,2763,2918,1825,1360,625,11425,84497,63
7676,3091,10651,7943,4843,5560,24936,4313,56
6378,7336,2997,1717,656,2349,18543,55286,50
21201,4956,8781,6575,3406,3508,7696,6968,53
6070,6819,1666,401,2922,1647,16001,52802,54
2940,5780,3633,3159,1662,1611,8303,52423,63
10842,19705,12493,4142,6735,5190,8247,4356,69
2499,5373,2756,5259,1258,3530,17489,52878,57
796,6044,902,1206,261,392,17401,47391,51
12543,5751,3046,5499,2093,2422,48149,151901,47
4129,13286,16228,7572,9853,14738,29958,31320,34
31476,3486,17070,5441,7589,8441,9903,13841,44
19547,6345,9929,5149,8882,5324,13962,6424,53
32705,5993,19579,8856,5550,9618,4882,5783,64
2766,2795,4550,1675,2026,1441,7061,39538,67
73666,33919,7018,8139,5957,15436,19744,61036,78
10270,3145,8555,4631,8473,8963,14534,102660,74
6695,23490,8988,5871,7493,11081,16404,10019,70
33564,4933,11850,4401,4541,6606,6357,2292,84
37262,17465,9495,8131,3971,5954,44716,6429,70
31478,44984,12480,13368,3772,10808,147299,264996,70
3426,6675,2370,1728,1231,1025,23642,66939,61
1134,904,2000,1016,658,841,8506,39485,40
4329,1617,1689,2257,900,1118,9706,256564,34
3474,1879,2338,737,683,981,15720,52450,27
2424,3024,4692,9134,4497,3056,20667,16946,20
4616,907,6097,2798,3573,7051,3261,1082,29
15983,40465,6546,7473,4773,2264,60544,100973,35
13161,11022,9346,11564,2281,4035,42735,32308,37
30031,23659,10164,28562,8623,1731,96412,509190,47
1770,8492,2596,1444,468,1160,9113,139767,51
15875,26181,9546,7501,3555,11081,104218,244189,44
8667,10162,1594,3191,810,1090,50803,178373,44
3656,1666,10244,20713,1710,2302,9706,22659,35
4818,5814,4347,4861,3200,2311,15298,2173,29
5209,6452,8379,5593,2058,4100,13081,4250,30
6896,13705,7240,2280,3671,3157,7059,2118,43
4295,7143,2302,2585,409,756,18619,37464,54
3577,3924,6519,13906,3217,6544,21458,729,47
6565,11101,8589,3901,2883,8940,15499,11727,50
4941,9758,18526,8819,6722,3311,10611,8609,40
6944,1039,7780,9868,16407,7994,14953,21009,34
3522,4685,5381,8995,2099,3281,64838,250845,27
23349,12937,6657,5114,14972,8568,25030,394860,34
4062,6351,9965,5444,6904,6989,13330,3003,30
5745,8675,5148,3108,7374,5838,6424,34682,44
2113,3620,17389,6614,5990,6858,20904,10541,47
4852,4905,2996,3911,2058,1810,18737,36246,38
11257,24629,6526,4353,4544,8862,37243,126612,44
60058,89846,14143,52802,13371,15707,109111,2725855,44
14271,3574,15221,4164,10998,7974,11554,18048,57
3718,4742,1909,1026,1711,2049,27430,87320,54
1275,9372,9000,3763,16056,21805,11531,20574,50
4490,6519,4256,2550,6197,1922,14062,118496,44
4509,1716,20877,12836,25326,8833,20130,29576,29
2338,10889,4140,7347,15619,16073,9087,29308,37
2505,641,3525,787,731,3045,12890,65095,26
17050,32331,5832,10674,14164,8644,151981,890439,21
7646,15717,19089,9599,9242,10065,234733,199714,17
1191,4613,3161,2060,2733,6050,11156,251512,13
3586,5727,3026,1537,1863,1823,17119,112294,23
1273,4767,3794,2352,3530,2591,7161,28979,26
5217,3474,1738,2501,1687,1890,14776,27840,43
8336,26980,14309,2851,5019,20533,67454,84328,44
2659,5398,1881,2960,2730,5069,9525,116265,47
6790,11345,5398,2221,2421,2937,48723,75698,43
7960,7395,13094,7445,12590,7614,5680,6847,47
2826,3488,3361,3564,3035,3130,13337,19970,43
4802,6446,2972,1540,697,1622,5510,56333,50
7709,10082,12090,11016,22094,3763,6157,8569,56
2088,6046,2675,1948,1037,2271,13318,39963,53
4622,2936,2875,4433,1794,1937,9291,62130,56
11864,2661,15283,5974,6000,5472,11980,57397,47
9010,15071,9929,8850,3589,3981,12078,26999,48
3305,4658,1813,2483,1119,1172,25070,39949,43
3942,7223,5270,5723,3760,11103,6551,14987,47
9892,1281,6521,3316,4421,3379,7739,4223,50
1125,1990,1316,2089,1715,903,44970,233374,27
8573,2675,5826,9205,8147,16954,15241,18509,29
1351,7748,1706,2350,1526,2414,12840,53173,27
3180,549,19303,3447,5091,12877,13319,10936,11
7832,3964,11172,7743,4202,4815,12736,2615,27
14386,24402,20217,4099,17879,40161,10670,15291,38
3399,2661,1906,822,1286,1868,14366,26575,35
21500,5500,5225,3826,3114,9656,22730,38199,54
865,6498,1332,708,2765,982,36953,34600,48
8543,31193,12915,16943,7535,12214,110348,288888,35
2563,5534,3083,4670,4953,3117,5868,56913,41
11192,11855,3712,4619,6233,2840,93795,211833,27
41405,30944,22433,11747,12413,9084,247769,2111573,30
9672,12835,12233,6811,7844,7658,16143,23883,38
10154,865,7918,6299,2487,3438,10736,12744,35
7056,4506,9018,11475,7549,5460,8198,16121,40
3902,14769,1902,4386,813,2069,55268,245614,41
7503,4392,4097,8742,7397,3304,7896,7665,41
5793,8744,10579,5200,5868,11072,18598,3437,41
21590,4204,16261,2885,5067,6567,12871,36718,48
4056,11996,8646,8003,9106,4098,9061,14291,54
5371,6426,5474,7719,3812,3768,6888,28081,56
4299,7957,6060,10185,2599,5150,10398,27317,56
5558,2514,9219,3337,13018,13007,4502,906,51
4019,3442,2475,1015,1443,1464,23863,83428,43
3368,8845,21630,4369,7722,6089,27497,5818,34
6416,2279,3270,6643,4685,3436,34125,66694,26
11691,10449,12619,7014,8184,8672,12972,15867,29
5245,11176,13583,6113,8338,12138,14693,6929,35
1522,1513,1393,1052,1218,1274,33030,242228,26
8138,3390,6399,6929,4515,11568,14907,13268,34
2280,3496,2211,2610,1620,1423,8763,48866,27
12656,4103,13432,16585,6278,10003,12781,8992,26
1913,2643,7740,2095,12114,3881,12398,2146,37
3952,2844,14515,4332,6909,8154,27525,5029,26
8487,16327,10865,6833,6634,6277,66428,19327,23
2462,3766,8321,1686,7573,6105,26771,5631,14
8386,1281,10648,4349,3895,6789,3973,1460,23
4011,3607,8591,2972,8429,10573,4911,16246,34
4916,7297,2734,1139,1953,2108,11884,7967,41
11018,14273,20358,3817,3502,3136,11387,8571,54
8943,7272,5815,8657,3143,6103,16974,4871,54
8489,1259,10189,4213,9433,13463,6787,15719,54
1935,9050,6473,4098,8711,21675,13039,2544,51
2843,6900,1583,2516,2110,2255,9708,412737,51
10413,10060,14543,5583,9508,5901,12242,10347,53
6693,2832,3660,1434,693,1900,4006,49179,61
2765,6736,2277,3013,2404,2122,53210,59805,51
3812,10245,6330,3960,10228,8760,10781,29604,50
4395,9794,2674,1280,1345,2217,34506,44400,44
10795,3515,17222,14123,7918,22819,21559,5626,30
13476,10906,15102,22138,12325,6037,25684,106765,40
33974,33706,22166,29311,23990,18880,383630,1440954,26
33568,68682,13103,7456,8168,24856,296785,2252333,24
2794,7859,1124,865,1867,1890,11293,142220,37
506,2875,1290,4141,1718,2237,8093,123612,34
6076,6069,1825,518,1374,1411,20442,154937,43
3498,16298,1187,1769,1354,653,29486,75409,50
688,4337,2304,1545,1689,995,26494,290974,34
3394,8843,4422,3358,5197,8448,61329,64567,29
2299,2241,1297,1227,987,713,5498,211337,29
937,3629,1551,762,1048,758,5181,75902,29
572,1614,1344,1487,472,2597,26020,81838,23
3386,1741,1692,2928,574,342,33894,54410,21
5290,2801,6814,7446,1530,3322,10480,5331,16
3160,23430,5206,6993,2698,2258,35119,18005,14
1547,4437,1637,1417,1350,5759,15226,127730,29
1999,1758,3520,2154,2252,2298,37011,58678,24
24738,31029,11960,5911,4213,3298,39864,306350,35
11889,43370,12441,4358,2088,1601,64700,77029,38
16821,10036,11487,14912,1235,9458,54469,201414,38
1173,11312,2275,984,2047,1389,30890,122951,51
12989,14862,9708,4475,2215,6782,48428,21182,44
11220,12033,3580,6449,4107,4760,42216,145132,40
4480,13172,3179,2930,1261,1878,44574,231202,40
15515,6497,13759,4615,1286,3786,34960,6803,41
21154,8884,9379,15653,3276,3321,5908,4862,48
5925,6661,5815,15843,8226,5100,51085,102512,40
12586,19038,5866,2887,9727,7114,15581,22391,53
10060,1656,5440,9159,3738,4834,16840,11799,51
4699,6176,11299,11886,2102,3598,7415,16314,43
6827,12126,8968,2440,4365,6390,13420,7076,56
11339,5367,3794,9844,4939,8585,9497,11659,51
8733,2706,7080,4645,7670,14645,16922,15398,53
7338,9104,9598,1947,9233,15148,10551,16348,61
7709,6157,5728,4684,5160,18504,16120,7470,57
1033,1707,7902,7751,8383,5188,36313,42206,34
856,1090,2070,1161,3634,1832,17640,90720,20
3605,18521,8410,7903,10165,7621,27477,12085,14
6798,13027,6252,3984,9693,13268,7749,7628,23
13094,20068,7689,5324,12762,5623,33218,110707,48
11682,17343,7696,10933,10504,5026,40598,33742,64
1771,2403,1647,2599,2451,4603,6130,98089,63
1466,3466,2365,1607,1793,2572,35337,79289,41
14166,23126,18334,12277,7975,2804,41457,114787,38
2325,1018,959,1366,663,977,5660,82803,37
3006,7963,6119,3240,1846,4314,10729,2717,40
6782,5440,776,2198,913,1206,24075,61869,51
6357,3590,6731,2923,4348,5449,7690,15597,51
7310,3712,12380,3036,6480,10635,8013,17810,51
2499,3780,5503,4464,5213,14824,20141,6491,43
2616,1549,7664,5480,9635,3051,4145,11655,38
5338,3029,10805,4519,7538,13980,10888,1132,34
4255,7736,8620,5186,4333,3963,8050,3064,35
17402,14038,7081,13157,15589,3150,19566,5628,48
15603,4415,12503,6441,9949,7769,6250,9833,60
5234,921,10032,5870,13985,6577,12144,20150,54
5187,5052,8208,8917,28775,7769,45107,3709,43
3581,7106,12112,1661,16388,13998,12552,15237,37
8595,3069,4326,3230,4962,4917,5078,15822,38
4248,4263,8533,6821,12567,9669,54117,7323,30
7566,5593,10199,9911,8713,9233,18457,7846,40
10252,5001,18288,12099,12061,22637,15414,19077,37
3868,15597,5880,1741,7145,15699,11588,6638,38
6479,3362,12912,5164,17359,9536,5413,16223,50
8337,7361,6471,5360,12788,11809,32957,16944,51
4406,3955,6261,2530,11409,12844,5033,8929,57
12921,3013,7190,5846,21626,11052,9562,37425,54
33863,7300,10857,12022,9923,11421,15725,16067,63
9075,8428,6465,2050,4365,13769,5546,4346,75
1844,1983,19907,4960,8136,15049,2968,7923,60
5807,4202,8135,6014,12240,13145,5719,753,56
3368,2289,12443,2626,6862,9087,38752,25385,35
3421,21499,17035,7920,15401,9220,19358,29103,26
3613,14125,3036,1708,2289,3921,69273,114394,30
7294,12576,7582,3203,7722,5212,4550,12367,41
4695,6316,7784,5884,4278,9706,13778,1086,53
21530,35098,15510,6556,6896,8081,166808,19996,47
19915,5857,16623,17524,4821,15361,42734,165002,50
25164,3670,7551,3612,5645,5539,5228,1662,53
5499,4204,8622,3812,3069,6835,17923,7557,51
22797,1892,9105,3156,4890,5847,5388,10709,66
5705,4963,2613,1808,771,1875,15271,300937,70
3029,3307,3359,731,1557,2348,14796,273639,54
5215,13931,4186,2841,4922,4744,94378,193461,50
2671,9539,2350,2676,1679,4555,59104,346725,29
1849,35097,10874,6629,5072,10236,42205,24646,30
558,704,1110,363,262,578,8910,68897,21
9559,17285,6277,1457,2093,7599,68036,36181,27
1570,4530,1363,1242,1871,1118,36119,36738,26
4542,12043,2328,1840,1386,645,65048,104275,16
7622,5647,1304,1281,1955,2837,66771,45211,21
8115,9398,1130,3243,4492,2579,12507,243830,30
18192,43769,10672,13458,14974,17255,29279,86800,51
1816,1813,2597,2960,1245,1451,32171,69554,41
5643,10331,9190,6095,9597,4404,31920,6548,48
4413,14253,2571,4678,1478,2988,39760,268541,40
9723,5900,2059,5595,1805,3015,28848,201487,30
2575,391,1240,3253,3100,1669,7438,296741,40
9235,16468,7410,2932,4489,6459,26803,19758,47
7323,2180,6127,10963,11528,11176,8804,23123,44
5085,2790,5280,1071,2044,1448,18934,98221,41
6590,2057,10824,4510,7758,2221,5737,10429,47
14440,3865,7971,5388,3083,9104,8328,1379,50
1563,493,1397,943,918,2643,2257,71371,51
5153,1185,6698,5395,1987,12328,13085,13935,50
3454,3405,10807,1555,4347,5833,15105,7752,44
7776,7901,6863,2193,3419,14568,5507,2731,47
1143,2641,11007,5646,19310,10238,8971,8832,35
15070,1870,8064,8360,2903,5402,11222,9530,44
4739,3924,11816,5772,10996,12515,13835,12483,44
2577,9054,3448,1416,2433,1452,20627,116780,37
2512,885,12066,6043,9521,12441,33459,1480,29
6209,3554,10592,3785,7232,8113,14959,7978,23
10560,8888,13513,14138,7851,8497,60334,748786,21
8807,2379,14695,18346,6040,6655,37839,67046,10
6999,1571,9515,4368,8082,9757,7531,4151,27
3554,4843,9732,2562,21712,4254,16738,27099,26
2949,2844,3260,3848,3077,1801,4017,54981,35
12126,10243,17169,8744,15963,14719,8428,14331,48
3960,5223,10102,13022,14165,11008,10548,7799,43
6534,9209,8344,9367,20209,18862,17307,3045,48
17796,2819,11084,3268,17984,8489,13977,11281,51
6188,3098,28125,7507,11785,19604,12787,5109,41
26355,11668,12096,8509,10762,14163,26678,729009,53
2701,636,14824,2071,23244,9658,34201,4643,35
9498,5690,8909,3989,15751,25575,11043,1558,34
4497,2878,19210,9596,3622,10812,18819,4760,29
18014,11597,5695,4246,5760,8942,15278,12226,34
3612,5292,2335,3973,2054,2982,35427,112971,44
15545,3030,9013,8372,24945,11337,48232,15847,37
2132,1678,3816,3054,3679,4353,15439,158832,37
4742,10308,13202,3449,9628,16539,38852,23651,23
9908,5442,5436,5484,9575,21395,9727,17575,35
498,3802,3143,2898,1673,2986,4997,38714,38
4094,829,11067,4831,9247,10576,11441,1688,38
3757,5009,6449,6703,4975,15295,8567,5511,43
3429,10416,5883,4838,6718,4942,7032,7256,43
19707,3789,5599,3772,9292,13759,38888,2383,44
9902,1132,10488,8399,14254,11741,9865,10046,51
3250,6255,13562,6313,3105,2656,6484,8630,51
9471,4244,11956,4152,10942,6653,28455,9441,43
9539,11521,14961,13942,5296,6984,46178,506847,37
6106,9978,8718,9382,7354,22656,5527,13924,43
8675,10769,8940,5211,7275,15628,24640,16510,47
13717,5230,9743,2707,12758,9960,19448,5449,51
2308,1650,1830,1275,1881,1875,10388,40854,53
194,828,680,1245,492,1139,9826,93411,34
5641,18777,10529,9495,14588,8442,22763,34650,34
12133,4805,3416,4577,4021,3374,20032,111840,35
8149,4497,14999,4595,4971,9719,19472,26390,35
5402,12323,5117,6219,4122,3627,12660,7306,56
6349,5697,2701,6239,2484,3187,19505,5544,53
8514,4201,6583,7812,3653,2412,18757,11419,48
5093,1712,2606,7668,2273,3640,5231,6659,50
1114,2228,3972,2234,780,524,15209,61985,35
18050,37974,6657,5969,4403,5258,46113,158553,43
5967,2295,10096,4610,5268,3102,11445,5759,43
1126,2461,3086,2253,2841,4516,22607,34504,30
11727,2466,3662,5865,2108,4148,17827,9566,43
5278,8571,12500,7873,19963,7004,79091,162806,24
6182,2467,12008,4251,3310,8923,16720,5977,21
7667,4421,4995,12248,4473,3954,46972,808889,23
662,10655,3434,1354,1349,1864,26761,54873,20
11941,16216,2358,8115,2000,6057,27886,48843,37
12154,1472,8065,3815,3421,4704,33115,95011,38
5635,3313,8992,3890,1588,3482,16349,6214,43
10144,4161,2835,2686,888,802,74731,124016,37
13432,56638,11619,13776,5235,2507,63260,85958,38
23298,13718,3372,5917,5689,4750,29729,6905,50
13485,8445,4659,3335,3054,3744,32153,39932,54
13103,11780,7336,2596,5079,6633,30808,8961,67
6159,8825,3468,4117,4962,3241,15609,4215,64
7055,19508,7176,4925,3214,3056,167376,526573,47
4826,3763,2502,6847,4515,3569,15103,7746,43
11548,13188,3282,3447,3848,1964,17305,6950,48
1631,5824,1100,1303,937,1068,59250,89802,30
12657,10931,5922,7378,3209,4188,36723,76870,43
2054,4840,7463,6589,4206,3960,6801,6383,41
30481,8922,6049,16207,2896,4586,26583,46046,38
5664,25790,3933,6837,3296,2988,107712,72448,47
4070,2486,3908,5980,2211,1272,19789,7738,40
4280,4160,10585,2556,2790,2771,30284,15793,35
1841,1119,1335,1601,1840,1840,19633,313939,16
1949,3167,1120,1158,406,477,21335,45435,14
2954,795,1697,2194,1681,730,11176,36076,16
1855,2197,3204,2793,4264,2825,48575,8315,7
12751,37521,6419,7994,5867,5978,26219,55698,27
16038,4981,6026,5669,4841,4673,17848,7452,40
8695,5566,11237,5438,2757,2961,6705,5984,48
2806,6146,1595,4784,1100,869,73851,125098,53
31625,9702,15351,6378,1989,3251,12717,14346,51
3673,2610,6629,6553,4957,8167,2297,23227,47
8760,2469,9090,16915,5321,5454,32057,55650,35
2302,4769,2997,4414,2198,3045,16364,101606,43
14520,36179,17695,9625,6122,9191,26832,14656,41
3578,9169,4957,2328,3980,2809,29705,326049,40
2029,22428,7633,1064,2914,9958,141186,579595,38
4248,602,2468,3197,499,1200,30712,502445,29
28885,43933,20997,12071,14637,5054,88154,397068,26
15702,60292,6665,18047,5080,4047,58097,160997,37
2237,9120,14333,14061,6836,9648,8621,21282,43
36357,105168,15516,30095,7860,7387,201837,1927628,56
4191,5235,6001,3161,5517,7014,84666,435550,40
2673,10923,2661,1207,5030,4316,74888,535000,23
6303,7814,9671,6903,1397,2039,27840,686,24
6756,4756,10451,5651,3480,4148,22859,50753,17
8470,3721,10563,5895,6647,10880,23303,5214,27
6243,40414,8115,4150,3909,3480,12269,20267,51
7157,9579,11625,9017,5668,5642,24725,19444,53
9904,4841,10074,15217,5999,6572,149868,201447,41
2875,715,1664,2866,2240,3208,54556,763642,26
3121,11174,18418,4747,21104,10265,7855,17024,11
1590,1070,3862,3128,2515,1229,9915,56161,3
1368,2226,2281,1239,2521,3485,39230,64743,3
13309,97069,14928,17507,14144,11848,143549,570188,24
24555,22359,14248,23875,35072,15884,90025,1878691,23
262,2488,2938,1874,2343,2791,15970,50935,21
2255,1819,3418,3817,1840,2918,20934,306812,26
4107,3137,2359,2359,3423,1779,18818,106999,20
7757,4778,8981,3877,7264,9482,8187,14513,24
14070,14087,1858,1375,3278,4629,91928,171969,34
4176,1520,13391,16352,9546,21114,9137,8858,34
11337,21919,11637,8039,23600,15074,70805,70702,35
13782,11144,8881,13220,5209,13999,2408,13445,41
16797,24986,16603,13508,10993,11016,130241,112642,40
47035,11875,15804,8739,20056,19726,150904,801301,48
4304,5345,10594,22099,15483,10806,5259,7474,44
10245,8826,15030,10342,13732,14938,14071,7678,37
1957,10747,14189,5330,8478,10176,7220,7188,41
56293,64005,27635,20087,19457,22936,79582,2321602,51
43510,41792,20981,41063,15397,14179,118417,835972,56
18276,17775,15111,20204,21773,16084,76613,1309691,53
2764,1060,2195,2835,3082,10781,5346,298056,50
3111,3633,2141,5004,2137,2331,31968,53479,35
5847,6535,2946,3997,1315,1727,19565,153750,35
4103,2624,2157,721,687,1134,85608,159840,21
8238,6329,7020,10668,3029,4587,79704,521649,14
14963,21344,23558,12891,5431,13922,26587,1712732,24
2869,880,9819,8989,4052,3620,11160,7045,11
628,5552,6773,7819,4767,3372,4633,4723,24
4064,5713,7690,9741,3936,7213,14879,16502,30
19289,8358,8502,3492,4587,3485,10938,2552,38
6477,2622,4018,3106,3397,3336,4841,9929,56
2881,5031,1902,1664,1626,1651,12013,35077,60
739,112,363,143,209,262,3629,49797,56
6187,16003,4013,3425,4023,2994,6926,20839,57
3513,11849,2004,1338,1444,1869,12021,251801,60
9789,8228,6858,3891,4025,3584,8827,14881,66
2138,4939,6747,3706,5443,3677,18702,9161,67
4531,5857,16419,8876,6164,4813,8239,14220,53
5722,7300,1463,774,682,1881,27447,59921,44
13572,22034,4601,1664,7738,5769,73651,34882,38
1461,7247,7319,5454,1118,3810,24463,35146,38
5327,6062,7532,5762,3005,5175,8945,8639,43
4033,11871,11650,5420,5520,4557,15421,9272,44
10424,756,5336,2735,9258,3423,16131,11824,44
1750,5188,1571,800,673,1575,5545,248380,57
11686,1410,3151,6359,2125,6699,26486,12291,53
6992,16256,16069,2884,3388,3524,9543,3256,57
4929,3075,4447,6177,7817,6345,17841,58440,54
7861,11251,9104,5845,4328,5083,19795,16590,50
2845,327,1001,564,1600,796,16086,25682,43
11142,19260,4684,9754,4129,6804,14556,9730,44
2572,988,1732,2911,453,2369,8055,95356,44
22449,12532,6016,3611,2590,2268,26600,38876,50
5447,3109,2083,1858,489,953,28214,53277,54
7303,5472,7693,6383,3036,2956,10859,43546,48
